Path,Extension,SizeKB,Resolution
"electron-builder-resources\icon-128.png",".png","13.10","128x128"
"electron-builder-resources\icon-16.png",".png","2.55","16x16"
"electron-builder-resources\icon-32.png",".png","3.54","32x32"
"electron-builder-resources\icon-48.png",".png","4.97","48x48"
"electron-builder-resources\icon-64.png",".png","6.38","64x64"
"electron-builder-resources\icon.ico",".ico","67.47","ICO (multiple sizes)"
"electron-builder-resources\icon.png",".png","69.41","512x512"
"public\assets\Baner\BanerGames.png",".png","262.03","2560x1440"
"public\assets\Baner\BanerMain.png",".png","257.29","2560x1440"
"public\assets\Baner\BanerRecords.png",".png","248.90","2560x1440"
"public\assets\Baner\BanerSVG.svg",".svg","486.49","Vector"
"public\assets\discord\backgrounds\Blue.png",".png","4.43","1000x500"
"public\assets\discord\backgrounds\Brown.png",".png","4.43","1000x500"
"public\assets\discord\backgrounds\Cow.png",".png","71.81","1000x500"
"public\assets\discord\backgrounds\Flowers.png",".png","906.87","1000x500"
"public\assets\discord\backgrounds\Green.png",".png","4.43","1000x500"
"public\assets\discord\backgrounds\Light Blue.png",".png","4.43","1000x500"
"public\assets\discord\backgrounds\Light Green.png",".png","4.43","1000x500"
"public\assets\discord\backgrounds\Orange.png",".png","4.43","1000x500"
"public\assets\discord\backgrounds\Panther.png",".png","742.68","1000x500"
"public\assets\discord\backgrounds\Pink.png",".png","4.43","1000x500"
"public\assets\discord\backgrounds\Purple.png",".png","4.43","1000x500"
"public\assets\discord\backgrounds\Red.png",".png","4.43","1000x500"
"public\assets\discord\backgrounds\Triangles.png",".png","15.86","1000x500"
"public\assets\discord\backgrounds\Two Steps DEV.png",".png","76.55","1000x500"
"public\assets\discord\backgrounds\Two Steps E-Sport.png",".png","79.21","1000x500"
"public\assets\discord\backgrounds\Two Steps Games.png",".png","72.98","1000x500"
"public\assets\discord\backgrounds\Two Steps Records.png",".png","68.75","1000x500"
"public\assets\discord\backgrounds\Two Steps Studio.png",".png","71.10","1000x500"
"public\assets\discord\backgrounds\Yellow.png",".png","4.43","1000x500"
"public\assets\discord\backgrounds\Zebra.png",".png","388.75","1000x500"
"public\assets\discord\coin\Coin_TSS.png",".png","28.22","256x256"
"public\assets\Icons\account_circle_24dp_E3E3E3_FILL0_wght400_GRAD0_opsz24.svg",".svg","0.73","Vector"
"public\assets\Icons\build_24dp_E3E3E3_FILL0_wght400_GRAD0_opsz24.svg",".svg","0.51","Vector"
"public\assets\Icons\gamepad_left_24dp_E3E3E3_FILL0_wght400_GRAD0_opsz24.svg",".svg","0.37","Vector"
"public\assets\Icons\home_24dp_E3E3E3_FILL0_wght400_GRAD0_opsz24.svg",".svg","0.24","Vector"
"public\assets\Icons\music_note_2_24dp_E3E3E3_FILL0_wght400_GRAD0_opsz24.svg",".svg","0.32","Vector"
"public\assets\Icons\notifications_24dp_E3E3E3_FILL0_wght400_GRAD0_opsz24.svg",".svg","0.38","Vector"
"public\assets\Icons\settings_24dp_E3E3E3_FILL0_wght400_GRAD0_opsz24.png",".png","0.70","24x24"
"public\assets\Icons\settings_40dp_E3E3E3_FILL0_wght400_GRAD0_opsz40.png",".png","1.23","40x40"
"public\assets\Icons\settings_40dp_E3E3E3_FILL0_wght400_GRAD0_opsz40.svg",".svg","1.21","Vector"
"public\assets\Icons\sports_esports_24dp_E3E3E3_FILL0_wght400_GRAD0_opsz24.svg",".svg","0.70","Vector"
"public\assets\Logo\DEV\Two Steps Studio BN Inscape.svg",".svg","54.48","Vector"
"public\assets\Logo\DEV\Two Steps Studio DEV Bez Tła.png",".png","99.68","1365x1365"
"public\assets\Logo\DEV\Two Steps Studio DEV Z Tłem.png",".png","106.93","1365x1365"
"public\assets\Logo\Discord\discord_logo.svg",".svg","1.36","Vector"
"public\assets\Logo\E-Sport\Two Steps Studio E-Sport Bez Tła.png",".png","82.35","1366x1366"
"public\assets\Logo\E-Sport\Two Steps Studio E-Sport Z Tłem.png",".png","97.07","1366x1366"
"public\assets\Logo\Games\Two Steps Studio Games Bez Tła.png",".png","104.88","1365x1365"
"public\assets\Logo\Games\Two Steps Studio Games Z Tłem.png",".png","101.83","1365x1365"
"public\assets\Logo\Glowne\logo.ico",".ico","4.19","ICO (multiple sizes)"
"public\assets\Logo\Glowne\Two Steps Studio Bez Tła.ico",".ico","4.19","ICO (multiple sizes)"
"public\assets\Logo\Glowne\Two Steps Studio Bez Tła.png",".png","104.07","1365x1365"
"public\assets\Logo\Glowne\Two Steps Studio Z Tłem.png",".png","104.09","1365x1365"
"public\assets\Logo\Google\google_logo.svg",".svg","7.27","Vector"
"public\assets\Logo\Records\Two Steps Studio Records Bez Tła.png",".png","103.79","1365x1365"
"public\assets\Logo\Records\Two Steps Studio Records Z Tłem.png",".png","107.18","1365x1365"
"public\assets\Logo\Two Steps Studio BN Inscape.svg",".svg","54.36","Vector"
"public\favicon.ico",".ico","67.47","ICO (multiple sizes)"
"public\file.svg",".svg","0.38","Vector"
"public\globe.svg",".svg","1.01","Vector"
"public\icon-192.png",".png","22.92","192x192"
"public\icon-512.png",".png","69.28","512x512"
"public\next.svg",".svg","1.34","Vector"
"public\noise.svg",".svg","0.30","Vector"
"public\vercel.svg",".svg","0.13","Vector"
"public\window.svg",".svg","0.38","Vector"
